Percent,1,2,3,4,5,6,7,8,9,10,11,12,13,14,15,16,17,18,19,20,21,22,23,24,25,26,27,28,29,30,31,32,33,34,35,36,37,38,39,40,41,42,43,44,45,46,47,48,49,50,51,52,53,54,55,56,57,58,59,60,61
100,0,0,0,0,0,0,0,0,0,0,0,0,0,0,0,0,0,0,0,0,0,0,0,0,0,0,0,0,0,0,0,0,0,0,0,0,0,0,0,0,0,0,0,0,0,0,0,0,0,0,0,0,0,0,0,0,0,0,0,0,0
99,1,1,1,1,1,1,1,1,1,1,1,1,1,1,1,1,1,1,2,2,3,4,5,5,7,7,9,10,9,12,13,14,15,12,14,17,19,18,22,22,24,20,30,22,31,27,30,33,33,44,43,48,39,38,50,46,44,58,71,67,98
98,1,1,1,1,1,1,1,1,1,1,1,1,1,1,1,1,1,2,3,4,6,7,8,8,12,12,14,17,17,22,25,24,25,22,24,29,32,28,34,34,37,32,45,39,49,49,55,59,55,69,81,68,62,76,85,80,78,90,146,112,139
97,1,1,1,1,1,1,1,1,1,1,1,1,1,1,1,1,2,3,4,6,8,10,11,13,17,19,21,24,26,29,33,32,35,31,35,40,44,40,48,49,48,49,68,59,68,73,80,86,80,97,114,88,92,115,113,114,114,124,196,167,198
96,1,1,1,1,1,1,1,1,1,1,1,1,1,2,2,2,3,4,5,8,10,13,15,15,21,24,26,30,33,38,40,40,43,41,47,52,54,52,62,64,65,61,83,78,83,91,100,114,103,118,134,110,118,151,144,152,142,155,226,208,277
95,1,1,1,1,1,1,1,1,1,1,1,1,1,2,2,2,3,5,7,10,13,16,18,19,25,30,31,37,41,44,47,46,52,52,59,65,66,65,76,76,77,77,97,93,99,109,115,138,121,144,163,136,145,188,179,176,183,210,255,237,319
94,1,1,1,1,1,1,1,1,1,1,2,2,2,2,3,3,4,6,8,11,15,19,21,22,29,36,38,43,48,52,54,55,61,63,70,77,78,80,89,89,97,95,113,113,117,124,134,166,147,166,189,159,179,225,223,196,217,242,300,292,398
93,1,1,1,1,1,1,1,1,1,1,2,2,2,3,4,3,5,7,9,13,18,22,25,26,33,41,44,48,55,59,61,62,73,75,81,88,89,92,100,99,111,112,131,131,135,144,147,184,170,196,217,189,222,255,257,251,269,277,345,334,435
92,1,1,1,1,1,1,1,1,1,1,2,2,2,3,4,4,6,8,11,15,21,26,29,30,38,46,50,55,61,66,71,70,81,85,94,101,102,105,116,111,128,129,151,147,159,164,168,210,196,221,251,216,255,279,286,276,316,334,385,364,516
91,1,1,1,1,1,1,1,1,1,1,2,2,3,4,4,5,6,9,12,16,23,29,33,34,45,52,57,61,69,76,80,79,93,96,107,112,114,117,130,126,143,149,170,163,178,184,197,231,222,252,280,247,279,316,308,302,349,386,420,403,562
90,1,1,1,1,1,1,1,1,1,1,3,3,3,4,5,5,7,10,14,18,25,32,37,39,50,58,64,68,78,84,88,87,102,107,119,122,129,130,146,142,163,167,188,179,199,206,221,265,245,275,305,278,301,348,340,343,386,422,448,438,618
89,1,1,1,1,1,1,1,1,2,2,3,3,3,5,5,6,8,11,15,20,29,35,41,43,54,65,71,75,87,95,97,99,112,120,134,135,142,141,163,155,181,187,210,199,218,229,244,287,274,306,332,301,340,374,371,385,413,460,490,469,650
88,1,1,1,1,1,1,1,2,2,2,3,3,3,5,6,6,9,12,16,22,31,39,45,47,58,72,78,82,95,105,108,108,122,130,149,152,158,154,179,172,201,207,229,217,242,252,269,311,295,334,369,335,371,410,394,418,449,490,537,507,722
87,1,1,1,1,1,1,1,2,2,2,3,3,4,5,6,7,9,13,18,24,34,43,48,53,64,79,86,90,104,115,119,118,134,145,163,163,172,178,198,186,220,227,248,235,265,272,292,340,321,362,392,363,391,440,429,463,493,516,578,588,758
86,1,1,1,1,1,1,2,2,2,2,4,4,4,6,7,8,10,15,20,26,36,47,53,57,69,85,94,97,114,129,129,128,146,160,175,177,187,196,215,199,241,250,274,255,290,295,314,360,344,391,422,403,414,474,465,502,515,561,619,650,806
85,1,1,1,1,1,1,2,2,2,3,4,4,4,6,7,9,10,16,22,27,39,52,57,62,75,93,104,106,124,141,138,141,160,176,191,191,200,210,234,216,261,273,298,274,310,320,342,380,370,417,459,435,444,500,506,532,545,644,669,694,857
84,1,1,1,1,1,1,2,2,3,3,4,4,5,7,8,9,11,17,24,30,42,56,63,69,81,100,113,114,136,152,147,153,172,187,207,206,216,230,251,242,282,294,316,298,338,340,365,398,391,452,484,460,474,524,541,562,586,686,703,721,935
83,1,1,1,2,1,1,2,3,3,3,4,5,5,7,8,10,12,18,26,32,45,59,67,75,89,107,124,125,145,165,157,170,182,202,221,222,233,245,266,259,301,310,343,326,358,362,394,429,425,471,527,499,504,555,562,590,628,723,742,754,988
82,1,1,1,2,1,2,2,3,3,3,5,5,5,7,9,10,13,19,27,34,48,65,71,81,96,116,134,135,153,177,170,181,193,216,234,235,247,261,282,272,325,329,367,346,374,383,422,450,452,501,545,539,522,583,587,631,673,772,775,804,1042
81,1,1,1,2,2,2,2,3,3,3,5,5,6,8,10,11,14,22,29,37,53,68,78,87,105,125,145,145,166,188,179,193,206,231,247,254,263,280,296,291,345,349,388,372,397,405,453,469,477,532,568,569,545,604,618,664,713,807,793,850,1096
80,1,1,2,2,2,2,3,3,3,4,5,6,6,8,10,11,14,23,31,41,55,73,84,92,114,134,160,156,176,204,192,207,221,248,261,270,282,298,316,312,364,370,409,395,416,423,477,497,501,557,609,600,573,618,637,699,738,830,823,889,1135
79,1,1,2,2,2,2,3,3,4,4,5,6,6,9,11,12,15,25,33,43,61,78,89,99,120,142,169,165,186,217,208,221,237,264,276,287,304,317,331,332,386,393,427,426,442,446,502,529,526,583,644,632,594,662,666,741,801,881,859,917,1186
78,1,1,2,2,2,2,3,4,4,4,6,6,7,9,11,12,16,27,35,47,65,83,95,106,132,151,181,176,202,230,222,238,250,276,292,309,320,334,349,351,404,421,444,447,464,479,530,555,549,613,679,668,615,686,693,770,846,918,874,992,1230
77,1,2,2,2,2,2,3,4,4,5,6,7,7,10,12,13,17,28,38,50,69,89,103,114,140,162,191,189,213,243,237,255,267,293,306,323,341,352,368,370,427,448,469,472,490,508,554,579,573,640,716,699,659,708,719,819,881,980,898,1038,1296
76,2,2,2,2,2,3,3,4,4,5,6,7,8,10,12,14,18,30,40,53,74,96,109,123,148,172,204,203,225,255,251,270,285,311,327,342,361,374,384,389,445,468,493,495,516,531,582,618,605,668,739,741,692,738,743,845,917,1067,933,1072,1327
75,2,2,2,3,2,3,3,4,5,5,6,8,8,11,13,14,19,31,43,57,78,103,116,132,156,186,217,216,238,269,263,286,301,324,340,358,379,390,406,416,471,493,509,518,537,555,604,639,631,703,768,787,728,772,785,898,978,1117,989,1088,1380
74,2,2,2,3,2,3,4,4,5,5,7,8,9,11,14,15,21,33,46,61,82,109,123,141,166,198,229,229,252,287,280,302,317,344,359,375,397,412,423,440,494,513,529,547,566,585,629,665,659,728,803,803,759,828,814,937,1024,1130,1036,1125,1408
73,2,2,2,3,3,3,4,5,5,6,7,8,9,12,15,16,22,35,48,64,87,115,130,150,177,210,239,243,264,301,297,322,334,356,378,392,416,432,443,467,513,536,553,570,593,604,656,694,694,757,840,832,779,863,840,975,1055,1170,1075,1149,1486
72,2,2,3,3,3,3,4,5,6,6,7,9,10,13,15,16,22,36,51,69,91,121,138,158,190,221,254,256,280,317,315,341,355,372,396,413,432,449,462,491,535,562,575,594,621,630,687,719,725,783,869,868,822,897,887,1005,1115,1209,1092,1187,1511
71,2,2,3,3,3,3,4,5,6,6,8,9,10,13,16,17,24,39,55,74,97,128,148,167,201,234,270,271,293,331,329,360,371,392,416,431,454,475,482,514,554,593,602,615,649,653,711,751,754,817,896,894,866,924,916,1040,1181,1262,1117,1231,1556
70,2,2,3,3,3,4,5,5,6,7,8,10,11,14,17,18,25,40,57,78,102,136,157,176,211,250,285,284,310,350,348,379,389,404,441,450,472,501,502,534,579,619,630,636,679,689,756,786,787,841,926,931,882,944,959,1078,1220,1280,1164,1271,1611
69,2,3,3,3,3,4,5,6,6,7,9,10,11,14,17,18,26,42,60,84,108,145,168,185,226,265,303,300,326,365,365,396,406,425,457,474,498,525,528,558,601,640,650,666,704,719,792,815,811,862,956,963,925,987,997,1114,1250,1313,1187,1319,1658
68,2,3,4,3,3,4,5,6,6,7,9,11,11,15,18,19,27,44,63,88,115,153,178,197,239,280,320,315,346,381,383,412,428,438,473,498,523,547,554,577,624,664,678,691,737,743,822,846,848,882,1018,981,950,1018,1033,1144,1301,1367,1215,1361,1691
67,3,3,4,4,4,4,5,6,7,8,9,11,12,16,19,20,28,46,66,93,121,161,188,207,254,289,337,333,363,400,405,434,448,458,495,517,547,571,576,594,653,689,702,719,769,777,855,876,875,925,1057,1023,997,1048,1083,1208,1335,1397,1241,1413,1765
66,3,3,4,4,4,5,5,6,7,8,10,12,12,16,19,21,29,48,70,99,129,170,198,221,266,308,355,347,383,416,421,450,468,482,519,540,566,598,596,624,678,710,720,750,801,800,887,915,910,953,1082,1070,1026,1079,1108,1233,1362,1448,1293,1454,1831
65,3,3,4,4,4,5,6,7,7,8,10,12,13,17,20,22,31,50,75,105,137,180,211,236,276,323,368,367,399,433,440,469,483,503,538,553,594,618,627,645,708,737,746,781,827,823,915,941,937,989,1121,1095,1066,1115,1156,1277,1403,1498,1362,1494,1871
64,3,3,4,4,4,5,6,7,8,9,11,12,13,18,20,23,32,52,79,111,144,191,222,248,288,339,390,379,418,451,461,489,504,526,565,578,619,642,645,662,725,767,775,802,866,851,953,979,963,1022,1155,1118,1092,1161,1206,1320,1429,1567,1408,1534,1955
63,3,3,4,5,5,5,6,7,8,9,11,13,14,19,21,23,33,55,84,117,150,201,232,263,302,353,408,397,434,474,482,506,523,543,588,600,645,671,664,700,743,791,799,826,894,877,984,1012,1000,1060,1175,1140,1150,1197,1254,1362,1474,1604,1466,1566,1998
62,4,3,4,5,5,6,6,7,8,9,12,13,14,19,22,25,34,57,88,124,156,210,245,272,323,367,426,414,451,497,500,529,542,564,618,620,668,697,681,727,764,815,822,851,916,903,1019,1036,1025,1092,1209,1165,1184,1224,1301,1395,1519,1649,1485,1612,2036
61,4,4,5,5,5,6,7,8,9,10,12,14,15,20,23,26,36,59,92,134,163,221,258,287,339,385,444,431,469,520,519,553,556,583,638,643,689,721,702,756,790,852,857,880,955,938,1043,1066,1062,1119,1238,1194,1222,1262,1339,1411,1560,1677,1531,1661,2088
60,4,4,5,5,5,6,7,8,9,10,13,15,15,21,24,27,37,61,98,142,169,233,268,304,355,404,460,453,484,540,538,571,579,610,664,666,710,746,729,779,816,877,876,911,988,980,1079,1098,1099,1156,1272,1233,1262,1303,1373,1446,1592,1705,1561,1716,2186
59,4,4,5,6,6,6,7,8,9,11,13,15,16,21,25,28,39,64,104,151,181,245,282,320,369,423,481,469,504,561,559,595,601,631,681,693,731,773,762,811,839,905,904,941,1028,1007,1107,1129,1137,1198,1314,1273,1300,1334,1398,1467,1622,1744,1573,1750,2228
58,5,4,5,6,6,7,8,9,10,11,14,16,17,22,25,29,41,67,109,161,189,258,294,332,385,442,508,489,520,581,585,618,618,660,702,723,756,791,787,838,863,937,923,973,1067,1043,1137,1160,1159,1234,1347,1303,1341,1381,1452,1497,1670,1761,1594,1794,2278
57,5,4,5,6,6,7,8,9,10,11,14,16,17,23,26,30,43,70,115,170,197,269,309,348,404,464,534,506,538,602,607,639,641,686,724,745,785,808,817,866,888,964,949,1001,1095,1080,1171,1201,1197,1265,1385,1342,1398,1439,1495,1520,1701,1829,1634,1843,2347
56,5,5,5,6,6,7,9,9,11,12,15,17,18,24,27,31,44,74,121,179,211,284,323,364,423,482,556,530,561,632,628,666,670,712,747,775,813,832,846,890,912,1000,973,1029,1128,1111,1204,1225,1230,1301,1414,1367,1410,1484,1526,1562,1768,1867,1668,1887,2419
55,5,5,6,6,6,7,9,10,11,13,15,18,19,25,29,32,46,77,128,185,224,297,344,385,439,497,578,554,585,655,652,687,700,743,773,803,837,855,867,912,945,1028,1008,1062,1155,1140,1246,1252,1263,1335,1442,1388,1448,1536,1555,1597,1822,1884,1726,1915,2477
54,5,5,6,7,7,8,9,10,11,13,16,18,19,27,29,34,47,81,134,197,237,312,361,398,453,521,602,575,613,679,671,714,727,768,798,829,862,880,902,943,970,1056,1048,1095,1181,1174,1288,1287,1309,1379,1472,1422,1496,1591,1589,1607,1855,1914,1761,1966,2533
53,5,5,6,7,7,8,9,11,12,14,16,19,20,27,30,35,49,85,141,208,247,327,378,416,476,548,623,599,633,705,696,734,754,786,826,861,888,907,933,978,996,1083,1084,1121,1216,1199,1313,1327,1342,1404,1517,1448,1515,1654,1657,1647,1914,1939,1815,2006,2582
52,6,5,6,8,7,8,10,11,12,14,17,19,21,28,32,36,52,90,150,222,262,341,399,440,499,575,646,621,652,725,716,769,781,813,847,891,920,939,967,1011,1027,1129,1115,1159,1245,1240,1338,1368,1388,1445,1562,1486,1563,1700,1720,1698,1936,1998,1844,2038,2615
51,6,6,6,8,8,9,10,11,13,15,17,20,22,29,33,38,54,92,160,234,275,355,417,461,518,593,670,648,677,743,737,793,808,847,871,914,947,968,988,1036,1056,1152,1149,1204,1263,1279,1372,1391,1442,1486,1614,1527,1606,1750,1762,1732,1958,2028,1952,2084,2739
50,6,6,7,8,8,9,11,12,13,16,18,21,22,31,34,39,56,97,167,248,292,373,435,479,538,616,692,672,700,762,763,812,834,876,897,948,971,994,1013,1058,1081,1194,1174,1235,1297,1317,1405,1453,1482,1523,1659,1560,1643,1805,1809,1805,2006,2061,2039,2138,2773
49,7,6,7,9,8,9,11,12,14,16,18,22,24,32,36,41,58,102,176,259,307,388,452,494,562,640,716,698,722,792,790,831,863,903,921,977,1001,1031,1043,1095,1109,1233,1202,1278,1330,1347,1448,1488,1504,1560,1677,1600,1698,1837,1859,1826,2047,2156,2075,2170,2797
48,7,6,7,9,9,10,11,12,14,17,19,23,24,33,37,42,61,106,185,273,326,403,473,516,581,661,740,719,747,818,820,868,891,927,952,1007,1020,1067,1080,1125,1142,1273,1230,1324,1362,1374,1477,1521,1538,1603,1707,1663,1735,1919,1906,1875,2120,2298,2114,2218,3152
47,7,7,7,9,9,10,12,13,14,17,20,23,25,34,38,43,63,112,193,286,341,422,495,535,602,685,763,750,768,847,848,895,928,961,985,1041,1054,1092,1120,1165,1179,1299,1268,1360,1393,1414,1513,1553,1573,1650,1743,1729,1766,1979,1952,1912,2146,2406,2138,2258,3152
46,7,7,8,10,10,10,12,13,15,18,21,24,26,36,40,44,65,118,204,299,357,439,510,554,622,713,788,774,795,871,875,931,966,993,1016,1076,1089,1132,1150,1201,1213,1340,1303,1402,1435,1448,1558,1584,1614,1699,1778,1766,1819,2028,1998,1937,2241,2454,2186,2302,3152
45,8,7,8,10,10,11,13,14,15,19,21,25,27,37,42,47,69,123,215,316,375,458,531,573,641,734,814,803,815,900,900,960,997,1023,1050,1104,1119,1169,1180,1234,1242,1370,1340,1435,1479,1482,1588,1624,1655,1731,1811,1795,1850,2079,2033,1996,2320,2532,2210,2347,3152
44,8,8,8,10,10,11,13,14,16,19,22,26,28,38,44,48,72,128,228,329,394,484,547,595,667,762,841,834,842,923,936,984,1028,1051,1081,1141,1150,1201,1218,1275,1268,1410,1369,1472,1535,1518,1627,1656,1702,1775,1863,1825,1898,2118,2068,2087,2368,2549,2239,2488,3152
43,8,8,8,11,11,11,14,14,17,20,23,27,29,39,46,50,75,135,243,347,409,501,570,618,696,795,864,858,862,945,957,1013,1065,1079,1111,1178,1185,1233,1251,1302,1299,1430,1399,1530,1585,1562,1662,1688,1737,1833,1924,1892,1932,2160,2083,2166,2410,2581,2320,2511,3152
42,8,9,9,11,12,12,14,15,17,21,24,28,30,40,48,52,78,142,259,362,427,519,588,644,726,824,890,886,891,975,978,1052,1091,1109,1143,1225,1219,1270,1291,1337,1325,1474,1448,1553,1618,1619,1712,1729,1783,1875,1981,1934,1985,2245,2106,2203,2438,2749,2344,2542,3152
41,8,9,9,12,12,12,15,15,18,21,24,29,32,42,50,54,82,152,272,383,444,538,612,664,752,841,916,918,919,1003,1007,1082,1118,1138,1173,1262,1236,1297,1326,1372,1360,1505,1480,1586,1656,1650,1746,1752,1814,1926,2008,1983,2023,2287,2135,2291,2501,2825,2436,2640,3152
40,9,9,10,12,12,13,15,16,19,22,25,30,33,44,51,58,86,158,288,401,463,558,636,690,779,874,948,952,960,1036,1036,1114,1155,1167,1211,1299,1285,1341,1360,1395,1400,1538,1522,1630,1709,1696,1788,1790,1852,1975,2077,2007,2064,2335,2187,2328,2562,3001,2536,2735,3152
39,9,9,10,13,13,13,16,16,19,23,26,31,34,46,53,61,89,168,304,423,491,582,661,710,811,913,980,982,992,1077,1067,1148,1199,1211,1255,1343,1314,1373,1396,1432,1436,1585,1549,1674,1750,1724,1821,1830,1891,2022,2133,2066,2113,2366,2259,2357,2631,3001,2575,2827,3152
38,9,9,10,14,13,14,17,17,20,24,27,33,35,48,56,63,93,183,321,440,523,605,680,734,843,945,1005,1011,1030,1113,1103,1179,1238,1246,1287,1390,1367,1414,1435,1470,1476,1626,1585,1727,1796,1755,1865,1874,1925,2088,2161,2097,2142,2427,2317,2426,2685,3212,2644,2852,3152
37,9,10,11,14,14,14,18,17,20,25,28,34,37,50,58,65,97,192,335,469,545,635,710,766,874,978,1037,1042,1065,1138,1132,1218,1274,1286,1327,1430,1398,1446,1484,1514,1513,1651,1636,1781,1841,1806,1902,1926,1962,2127,2243,2131,2173,2455,2396,2461,2702,3212,2672,2862,3152
36,9,10,12,15,15,15,18,19,21,26,29,35,38,51,62,67,101,203,353,491,570,655,745,799,908,1006,1067,1078,1093,1180,1162,1249,1313,1328,1361,1457,1445,1490,1527,1547,1556,1698,1683,1850,1893,1860,1955,1982,2006,2170,2259,2193,2212,2499,2438,2495,2757,3212,2762,2920,3152
35,10,11,12,16,16,16,19,19,22,27,30,36,40,53,64,69,106,215,367,518,594,680,776,833,942,1040,1098,1114,1127,1214,1195,1288,1343,1379,1396,1496,1487,1534,1571,1583,1615,1762,1728,1906,1943,1937,1987,2024,2054,2215,2309,2235,2277,2547,2510,2525,2771,3212,2766,2956,3152
34,10,11,13,17,16,16,20,20,23,28,31,38,42,55,67,74,112,230,386,540,618,707,808,869,968,1070,1148,1151,1183,1270,1219,1330,1383,1414,1424,1532,1535,1577,1601,1635,1664,1815,1772,1971,1986,1986,2037,2059,2088,2264,2351,2294,2311,2579,2564,2580,2781,3212,,2968,3152
33,10,12,13,17,17,17,20,21,24,29,33,40,44,57,70,78,117,245,403,566,647,733,836,902,999,1112,1186,1179,1217,1303,1266,1378,1420,1470,1470,1581,1576,1618,1662,1681,1714,1853,1810,2028,2037,2046,2080,2109,2143,2302,2382,2359,2408,2614,2629,2644,2828,3212,,2969,3152
32,11,12,14,19,17,18,21,22,25,31,34,41,45,59,74,84,122,260,423,585,672,765,874,938,1030,1144,1235,1218,1263,1336,1300,1409,1453,1498,1495,1624,1623,1654,1712,1737,1753,1894,1863,2091,2096,2106,2134,2163,2219,2335,2396,2443,2436,2678,2704,2661,2859,3212,,3032,3152
31,11,13,15,20,18,18,22,23,26,32,35,44,47,61,78,89,128,286,452,606,700,791,901,977,1067,1186,1270,1259,1304,1373,1334,1443,1490,1532,1552,1664,1678,1687,1763,1788,1816,1942,1907,2155,2156,2176,2181,2219,2291,2394,2455,2511,2559,2720,2738,2779,2864,3212,,3056,3152
30,11,14,15,21,18,19,23,23,26,33,37,46,49,64,82,93,136,299,479,631,728,821,949,1011,1105,1225,1318,1297,1351,1409,1394,1493,1544,1567,1593,1716,1715,1733,1809,1861,1859,1980,1971,2234,2206,2224,2217,2266,2326,2464,2479,2601,2637,2747,2776,2830,2882,3212,,3056,3152
29,11,15,15,21,18,20,24,24,27,35,38,48,50,67,86,97,143,315,502,655,760,855,995,1053,1144,1277,1363,1348,1391,1449,1440,1529,1582,1614,1646,1760,1770,1784,1866,1907,1907,2029,2015,2271,2264,2294,2274,2327,2397,2518,2586,2668,2698,2787,2864,2872,2979,3212,,3060,3152
28,12,15,16,22,19,20,25,25,29,37,40,50,53,69,89,101,149,345,528,683,786,890,1023,1082,1176,1325,1402,1389,1438,1489,1486,1559,1622,1658,1691,1806,1829,1846,1923,1961,1955,2089,2072,2305,2309,2383,2305,2397,2427,2623,2669,2681,2807,2823,2866,2964,3004,3212,,3060,3152
27,12,16,17,22,20,21,25,26,30,38,42,52,55,73,93,107,160,368,555,716,821,926,1066,1121,1208,1366,1444,1439,1487,1520,1530,1595,1675,1707,1742,1861,1899,1894,1976,2023,2003,2132,2151,2383,2356,2472,2370,2464,2491,2682,2731,2828,2861,2860,2910,3040,3054,3212,,3096,3152
26,13,16,18,23,22,22,27,28,32,40,44,55,57,76,96,112,170,387,576,749,861,953,1108,1160,1248,1424,1500,1492,1531,1574,1570,1642,1722,1779,1790,1900,1932,1940,2035,2085,2074,2186,2251,2421,2422,2584,2435,2527,2575,2737,2833,2872,2953,2917,2940,3048,3054,3212,,3096,3152
25,14,17,19,23,22,23,29,30,34,41,46,57,61,80,101,118,182,404,616,779,898,1002,1149,1215,1287,1468,1561,1548,1585,1636,1639,1675,1765,1843,1837,1958,1993,1994,2085,2134,2130,2242,2312,2511,2472,2607,2506,2575,2627,2791,2892,2918,2988,2942,2957,3048,3054,3212,,3096,3152
24,15,17,20,25,24,24,30,31,36,44,49,62,64,85,108,125,194,430,646,815,936,1035,1188,1262,1325,1511,1602,1610,1641,1680,1687,1736,1819,1890,1917,2003,2057,2049,2137,2213,2212,2347,2374,2610,2513,2654,2546,2601,2680,2857,2907,2974,3183,2980,2968,3086,3054,3212,,3096,3188
23,16,20,21,25,25,26,31,33,37,45,51,66,66,89,113,132,206,464,686,855,975,1091,1250,1306,1374,1567,1648,1679,1692,1718,1737,1790,1897,1971,1968,2072,2115,2124,2199,2265,2255,2438,2428,2690,2579,2739,2621,2676,2713,2869,2933,3059,3183,3241,2971,3086,3141,3212,,3096,3188
22,17,21,22,26,25,27,32,34,39,48,55,70,69,95,124,139,221,493,715,900,1029,1136,1294,1353,1434,1626,1691,1726,1749,1766,1791,1830,1957,2028,2021,2150,2173,2164,2239,2340,2316,2490,2487,2759,2627,2779,2658,2756,2772,2905,2933,3059,3183,3241,3029,3086,3141,3212,,3096,3188
21,17,22,24,27,27,28,35,36,42,51,57,73,72,99,129,154,235,516,763,935,1059,1200,1345,1409,1468,1670,1753,1786,1809,1852,1854,1921,2004,2078,2095,2211,2247,2223,2312,2383,2355,2565,2538,2819,2672,2820,2792,2830,2832,2944,2962,3059,3183,3241,3029,3086,3141,3212,,3096,3188
20,18,22,25,28,30,30,37,37,44,54,59,76,75,105,142,164,254,544,809,983,1098,1251,1394,1474,1543,1723,1816,1866,1867,1900,1909,1975,2071,2159,2155,2279,2313,2298,2372,2456,2425,2669,2615,2849,2738,2846,2883,2870,2938,3003,3122,,3183,3241,3074,3086,3141,3212,,3096,3188
19,19,24,26,29,31,31,39,39,46,57,62,80,81,113,152,180,273,582,850,1038,1150,1314,1456,1512,1599,1765,1864,1931,1926,1945,1961,2025,2124,2209,2233,2353,2384,2356,2441,2509,2472,2760,2699,2916,2836,2898,2954,2924,2964,3064,3122,,3183,3241,3074,,3141,3212,,3096,3188
18,20,25,27,32,32,33,42,42,49,60,67,87,86,119,164,194,294,619,903,1083,1208,1368,1525,1572,1669,1825,1920,1994,1986,1984,2044,2077,2211,2297,2294,2396,2502,2415,2501,2589,2520,2824,2754,2973,2892,2984,2986,2966,2983,3141,3122,,3183,3241,3140,,3141,3212,,,3188
17,21,26,30,34,33,35,45,44,53,63,74,93,92,127,176,211,318,651,949,1137,1258,1425,1577,1643,1725,1895,1979,2056,2069,2075,2129,2169,2278,2398,2365,2453,2572,2512,2564,2669,2629,2882,2849,3066,2936,3031,3047,3058,3016,3141,3122,,3183,3241,3140,,3141,3212,,,3188
16,22,29,31,36,34,37,47,47,57,66,80,99,97,137,190,228,350,703,1011,1186,1331,1485,1642,1708,1797,1980,2041,2151,2122,2157,2214,2226,2316,2470,2436,2519,2632,2581,2617,2759,2717,2912,2913,3072,3007,3092,3084,3137,3028,3141,3122,,3183,3241,3140,,3141,3212,,,3188
15,25,30,33,38,35,38,51,50,59,71,85,106,104,151,204,244,383,746,1075,1250,1398,1535,1706,1784,1874,2041,2131,2206,2205,2230,2292,2299,2373,2554,2490,2583,2697,2685,2671,2854,2820,2976,3021,3092,3035,3092,3109,3137,3082,3141,3122,,3183,3241,3140,,3141,3212,,,3188
14,28,34,34,41,36,44,54,52,63,79,92,113,114,163,221,265,423,791,1149,1314,1461,1600,1812,1863,1939,2118,2190,2257,2254,2312,2409,2365,2482,2605,2550,2697,2763,2758,2761,2942,2873,3046,3066,3096,3065,3092,3109,3137,3082,3149,3122,,3183,3241,3140,,3141,3212,,,3188
13,30,36,36,46,37,46,58,56,69,86,100,119,127,182,241,295,455,851,1211,1400,1555,1683,1884,1955,2024,2178,2281,2344,2345,2380,2464,2434,2562,2692,2606,2764,2847,2929,2832,3016,2976,3056,3111,3096,3065,3124,3109,3137,3099,3149,3122,,3183,3241,3140,,3141,3212,,,3188
12,36,40,38,50,40,50,62,59,72,92,108,129,133,194,263,333,505,921,1246,1471,1676,1752,2012,2046,2161,2308,2369,2429,2429,2469,2537,2485,2652,2798,2677,2870,2907,3051,2921,3045,3009,3210,3111,3109,3129,3124,3144,3137,3099,3149,3122,,3183,3241,3140,,3141,3212,,,3188
11,37,44,42,53,48,52,67,66,77,102,117,144,146,216,285,375,557,1004,1322,1554,1791,1831,2105,2125,2277,2408,2472,2528,2567,2555,2618,2570,2719,2851,2809,3015,2998,3054,2964,3103,3029,3210,3111,3109,3129,3124,3144,3137,3099,3149,3122,,3183,3241,3140,,3141,3212,,,3188
10,38,45,45,56,51,57,72,75,83,112,131,162,162,242,314,405,621,1077,1387,1614,1925,1926,2194,2254,2348,2506,2521,2597,2644,2665,2701,2710,2788,2883,3011,3183,3041,3090,2999,3103,3067,3210,3120,3133,3129,3124,3144,3137,3099,3149,3122,,3183,3241,3140,,3141,3212,,,3188
9,42,48,52,59,56,62,75,83,94,126,146,183,179,272,347,461,664,1184,1460,1771,1991,2077,2293,2354,2492,2672,2649,2657,2702,2777,2796,2858,2852,2974,3053,3183,3044,3090,3121,3123,3078,3210,3120,3133,3129,3134,3180,3137,3105,3155,3122,,3183,3241,3173,,3141,3212,,,3188
8,45,52,65,64,59,75,82,89,108,139,163,204,201,305,393,527,742,1289,1559,1906,2142,2189,2448,2579,2562,2838,2718,2757,2797,2843,2861,2971,2976,3000,3061,3183,3060,3116,3121,3123,3080,3210,3120,3179,3192,3134,3180,3218,3105,3155,3122,,3183,3241,3173,,3141,3212,,,3188
7,48,55,74,74,67,81,88,96,124,159,182,250,231,383,460,598,828,1381,1680,2041,2269,2318,2571,2645,2659,2903,2881,2821,2932,3006,2916,2992,3064,3149,,3183,3088,3141,3121,3126,3119,3210,3125,3187,3192,3134,3180,3218,3105,3155,3122,,3183,3241,3173,,3141,3212,,,3188
6,61,66,86,83,84,94,100,119,137,174,208,284,291,458,555,712,978,1523,1878,2190,2429,2514,2718,2736,2803,2977,3054,2933,2968,3092,2971,3059,3082,3149,,3183,3088,3158,3121,3126,3119,3210,3125,3187,3192,3134,3211,3218,3105,3155,3122,,3183,3241,3173,,3141,3212,,,3188
5,82,79,91,92,103,116,115,167,167,226,255,324,380,568,655,843,1189,1748,2082,2420,2586,2676,2880,2949,2854,3097,3181,2975,,3128,3154,3127,3111,3149,,3190,3108,3176,3121,3126,3119,3210,3137,3196,3192,3134,3211,3218,3105,3155,3122,,3183,3241,3173,,3141,3212,,,3188
4,92,87,155,107,116,141,152,202,193,281,337,377,489,676,784,1054,1510,2044,2335,2576,2761,2974,2979,3023,3113,3097,3181,3081,,3128,3154,3127,3119,3149,,3190,3108,3176,3121,3201,3144,3210,3137,3196,3251,3185,3211,3218,3105,3269,3122,,3183,3241,3173,,3141,3212,,,3188
3,146,96,166,128,167,191,195,254,264,335,483,558,629,816,942,1313,1692,2320,2563,2842,2900,3007,3090,3072,3113,3229,3262,3139,,3128,3154,3138,3119,3149,,3190,3108,3191,3121,3201,3144,3210,3137,3226,3251,3185,3231,3218,3105,3269,3122,,3183,3241,3173,,3141,3212,,,3188
2,203,127,217,162,252,281,306,368,402,617,639,735,832,1206,1221,2011,2033,2593,2930,3198,,3241,,,3291,3229,3262,3139,,3225,3155,3138,3125,3149,,3190,3119,3231,3121,3241,3164,3210,3172,3226,3251,3185,3231,3218,3105,3269,3122,,3183,3241,3173,,3141,3212,,,3188
1,276,182,283,225,439,611,846,1069,876,1415,852,1200,1140,1788,1934,,2958,3096,3022,3198,,3241,,,3291,3229,3263,3193,,3225,3155,3265,3172,3149,,3190,3119,3247,3121,3241,3164,3210,3172,3232,3251,3185,3231,3218,3105,3269,3122,,3183,3241,3173,,3141,3212,,,3188
0,,,586,,,1297,,,,,2374,2368,,,,,,3235,,3198,,3241,,,3291,3229,3263,3193,,3225,3155,3265,3172,3149,,3190,3119,3247,3121,3241,3164,3210,3172,3232,3251,3185,3231,3218,3105,3269,3122,,3183,3241,3173,,3141,3212,,,3188